pl_name,hostname,pl_letter,pl_orbper,pl_orbpererr1,pl_orbpererr2,pl_orbsmax,pl_orbsmaxerr1,pl_orbsmaxerr2,pl_orbeccen,pl_orbeccenerr1,pl_orbeccenerr2,pl_orbincl,pl_orbinclerr1,pl_orbinclerr2,pl_orblper,pl_orbtper,pl_tranmid,pl_rade,pl_radeerr1,pl_radeerr2,pl_radj,pl_bmasse,pl_bmasseerr1,pl_bmasseerr2,pl_bmassj,pl_bmassprov,pl_dens,pl_eqt,pl_insol,st_teff,st_tefferr1,st_tefferr2,st_rad,st_raderr1,st_raderr2,st_mass,st_masserr1,st_masserr2,st_lum,st_spectype,st_met,st_age,ra,dec,sy_dist,sy_disterr1,sy_disterr2,sy_plx,sy_plxerr1,sy_plxerr2,sy_vmag,sy_gaiamag,discoverymethod,disc_year,disc_facility,default_flag,pl_refname,st_refname,sy_refname,rowupdate
HD 219134 b,HD 219134,b,3.092926,1e-05,-1e-05,0.03876,0.00047,-0.00047,0.0,,,85.05,0.09,-0.09,0.0,,2457126.69913,1.602,0.055,-0.055,0.14292087,4.74,0.19,-0.19,0.01491363,Mass,6.34,1015.0,176.2,4699.0,16.0,-16.0,0.778,0.005,-0.005,0.81,0.03,-0.03,-0.57741,,0.11,11.0,348.3372026,57.1696255,6.53127,0.00384,-0.00385,153.081,0.0895024,-0.0895024,5.56911,5.2402,Radial Velocity,2015,Roque de los Muchachos Observatory,1,<a refstr=GILLON_ET_AL__2017 href=https://ui.adsabs.harvard.edu/abs/2017NatAs...1E..56G/abstract target=ref>Gillon et al. 2017</a>,<a refstr=GILLON_ET_AL__2017 href=https://ui.adsabs.harvard.edu/abs/2017NatAs...1E..56G/abstract target=ref>Gillon et al. 2017</a>,<a refstr=STASSUN_ET_AL__2019 href=https://ui.adsabs.harvard.edu/abs/2019AJ....158..138S/abstract target=ref>TICv8</a>,2017-03-14
HD 219134 c,HD 219134,c,6.76458,0.00033,-0.00033,0.0653,0.0008,-0.0008,0.062,0.039,-0.039,87.28,0.1,-0.1,70.0,,2457474.04591,1.511,0.047,-0.047,0.13480239,4.36,0.22,-0.22,0.01371803,Mass,6.95,782.0,62.1,4699.0,16.0,-16.0,0.778,0.005,-0.005,0.81,0.03,-0.03,-0.57741,,0.11,11.0,348.3372026,57.1696255,6.53127,0.00384,-0.00385,153.081,0.0895024,-0.0895024,5.56911,5.2402,Radial Velocity,2015,Roque de los Muchachos Observatory,1,<a refstr=GILLON_ET_AL__2017 href=https://ui.adsabs.harvard.edu/abs/2017NatAs...1E..56G/abstract target=ref>Gillon et al. 2017</a>,<a refstr=GILLON_ET_AL__2017 href=https://ui.adsabs.harvard.edu/abs/2017NatAs...1E..56G/abstract target=ref>Gillon et al. 2017</a>,<a refstr=STASSUN_ET_AL__2019 href=https://ui.adsabs.harvard.edu/abs/2019AJ....158..138S/abstract target=ref>TICv8</a>,2017-03-14
HD 219134 f,HD 219134,f,22.717,0.015,-0.015,0.1463,0.0018,-0.0018,0.148,0.047,-0.047,,,,81.0,,,1.31,0.02,-0.02,0.11687037,7.3,0.4,-0.4,0.02296825,Mass,,522.6,12.38,4699.0,16.0,-16.0,0.778,0.005,-0.005,0.81,0.03,-0.03,-0.57741,,0.11,11.0,348.3372026,57.1696255,6.53127,0.00384,-0.00385,153.081,0.0895024,-0.0895024,5.56911,5.2402,Radial Velocity,2015,Multiple Observatories,1,<a refstr=GILLON_ET_AL__2017 href=https://ui.adsabs.harvard.edu/abs/2017NatAs...1E..56G/abstract target=ref>Gillon et al. 2017</a>,<a refstr=GILLON_ET_AL__2017 href=https://ui.adsabs.harvard.edu/abs/2017NatAs...1E..56G/abstract target=ref>Gillon et al. 2017</a>,<a refstr=STASSUN_ET_AL__2019 href=https://ui.adsabs.harvard.edu/abs/2019AJ....158..138S/abstract target=ref>TICv8</a>,2017-03-14
HD 219134 d,HD 219134,d,46.859,0.028,-0.028,0.237,0.003,-0.003,0.138,0.025,-0.025,,,,173.0,,,1.61,0.02,-0.02,0.14363458,16.17,0.64,-0.64,0.05087625,Mass,,410.5,4.72,4699.0,16.0,-16.0,0.778,0.005,-0.005,0.81,0.03,-0.03,-0.57741,,0.11,11.0,348.3372026,57.1696255,6.53127,0.00384,-0.00385,153.081,0.0895024,-0.0895024,5.56911,5.2402,Radial Velocity,2015,Roque de los Muchachos Observatory,1,<a refstr=GILLON_ET_AL__2017 href=https://ui.adsabs.harvard.edu/abs/2017NatAs...1E..56G/abstract target=ref>Gillon et al. 2017</a>,<a refstr=GILLON_ET_AL__2017 href=https://ui.adsabs.harvard.edu/abs/2017NatAs...1E..56G/abstract target=ref>Gillon et al. 2017</a>,<a refstr=STASSUN_ET_AL__2019 href=https://ui.adsabs.harvard.edu/abs/2019AJ....158..138S/abstract target=ref>TICv8</a>,2017-03-14
HD 219134 g,HD 219134,g,94.2,0.2,-0.2,0.3753,0.0004,-0.0004,0.0,,,,,,0.0,2449972.0,,,,,,10.80622,1.27132,-1.27132,0.034,Msini,,,,4913.0,,,0.77,0.02,-0.02,0.794,0.037,-0.022,-0.50864,K3 V,0.08,12.46,348.3372026,57.1696255,6.53127,0.00384,-0.00385,153.081,0.0895024,-0.0895024,5.56911,5.2402,Radial Velocity,2015,Multiple Observatories,1,<a refstr=VOGT_ET_AL__2015 href=https://ui.adsabs.harvard.edu/abs/2015ApJ...814...12V/abstract target=ref>Vogt et al. 2015</a>,<a refstr=VOGT_ET_AL__2015 href=https://ui.adsabs.harvard.edu/abs/2015ApJ...814...12V/abstract target=ref>Vogt et al. 2015</a>,<a refstr=STASSUN_ET_AL__2019 href=https://ui.adsabs.harvard.edu/abs/2019AJ....158..138S/abstract target=ref>TICv8</a>,2015-11-18
HD 219134 h,HD 219134,h,2247.0,43.0,-43.0,3.11,0.04,-0.04,0.06,0.04,-0.04,,,,215.0,2448725.0,,,,,,108.0622,6.3566,-6.3566,0.34,Msini,,,,4913.0,,,0.77,0.02,-0.02,0.794,0.037,-0.022,-0.50864,K3 V,0.08,12.46,348.3372026,57.1696255,6.53127,0.00384,-0.00385,153.081,0.0895024,-0.0895024,5.56911,5.2402,Radial Velocity,2015,Roque de los Muchachos Observatory,1,<a refstr=VOGT_ET_AL__2015 href=https://ui.adsabs.harvard.edu/abs/2015ApJ...814...12V/abstract target=ref>Vogt et al. 2015</a>,<a refstr=VOGT_ET_AL__2015 href=https://ui.adsabs.harvard.edu/abs/2015ApJ...814...12V/abstract target=ref>Vogt et al. 2015</a>,<a refstr=STASSUN_ET_AL__2019 href=https://ui.adsabs.harvard.edu/abs/2019AJ....158..138S/abstract target=ref>TICv8</a>,2015-11-18
HD 80606 b,HD 80606,b,111.436765,7.4e-05,-7.4e-05,0.4603,0.0021,-0.0021,0.93183,0.00014,-0.00014,89.24,0.01,-0.01,-58.887,2458882.344,2458888.07466,11.56766808,0.16813471,-0.16813471,1.032,1323.46926959,1.49379351,-1.49379351,4.1641,Mass,,,,5565.0,,,1.05,0.01,-0.01,1.05,,,,,0.35,,140.6569501,50.6037764,66.4711,0.1612,-0.1604,15.0153,0.0361214,-0.0361214,9.06,8.82008,Radial Velocity,2001,Multiple Observatories,1,<a refstr=PEARSON_ET_AL__2022 href=https://ui.adsabs.harvard.edu/abs/2022AJ....164..178P/abstract target=ref>Pearson et al. 2022</a>,<a refstr=PEARSON_ET_AL__2022 href=https://ui.adsabs.harvard.edu/abs/2022AJ....164..178P/abstract target=ref>Pearson et al. 2022</a>,<a refstr=STASSUN_ET_AL__2019 href=https://ui.adsabs.harvard.edu/abs/2019AJ....158..138S/abstract target=ref>TICv8</a>,2025-12-04
K2-18 c,K2-18,c,8.962,0.008,-0.008,0.06,0.003,-0.003,0.47,,,,,,,,,,,,,7.51,1.33,-1.33,0.02362898,Msini,,363.0,,3457.0,39.0,-39.0,0.411,0.038,-0.038,0.359,0.047,-0.047,,,,,172.560141,7.5878315,38.0266,0.07955,-0.07955,26.2686,0.0545906,-0.0545906,13.477,12.4154,Radial Velocity,2017,La Silla Observatory,1,<a refstr=CLOUTIER_ET_AL__2017 href=https://ui.adsabs.harvard.edu/abs/2017A&A...608A..35C/abstract target=ref>Cloutier et al. 2017</a>,<a refstr=CLOUTIER_ET_AL__2017 href=https://ui.adsabs.harvard.edu/abs/2017A&A...608A..35C/abstract target=ref>Cloutier et al. 2017</a>,<a refstr=STASSUN_ET_AL__2019 href=https://ui.adsabs.harvard.edu/abs/2019AJ....158..138S/abstract target=ref>TICv8</a>,2017-12-19
K2-18 b,K2-18,b,32.939623,9.5e-05,-0.0001,0.1429,0.006,-0.0065,0.2,0.08,-0.08,,,,-5.7,,2457264.39144,2.37,0.22,-0.22,0.21143724,8.92,1.7,-1.6,0.02806532,Mass,4.11,284.0,,3457.0,39.0,-39.0,0.411,0.038,-0.038,0.359,0.047,-0.047,,,0.12,,172.560141,7.5878315,38.0266,0.07955,-0.07955,26.2686,0.0545906,-0.0545906,13.477,12.4154,Transit,2015,K2,1,<a refstr=SARKIS_ET_AL__2018 href=https://ui.adsabs.harvard.edu/abs/2018AJ....155..257S/abstract target=ref>Sarkis et al. 2018</a>,<a refstr=SARKIS_ET_AL__2018 href=https://ui.adsabs.harvard.edu/abs/2018AJ....155..257S/abstract target=ref>Sarkis et al. 2018</a>,<a refstr=STASSUN_ET_AL__2019 href=https://ui.adsabs.harvard.edu/abs/2019AJ....158..138S/abstract target=ref>TICv8</a>,2019-03-18
Kepler-11 b,Kepler-11,b,10.3039,0.0006,-0.001,0.091,0.001,-0.001,0.045,0.068,-0.042,89.64,0.36,-0.18,,,2455589.7378,1.8,0.03,-0.05,0.161,1.9,1.4,-1.0,0.006,Mass,1.72,,,5663.0,55.0,-66.0,1.065,0.017,-0.022,0.961,0.025,-0.025,,,,8.5,297.1150949,41.9091092,646.346,6.375,-6.375,1.51841,0.0151448,-0.0151448,13.817,13.7062,Transit,2010,Kepler,1,<a refstr=LISSAUER_ET_AL__2013 href=https://ui.adsabs.harvard.edu/abs/2013ApJ...770..131L/abstract target=ref> Lissauer et al. 2013 </a>,<a refstr=LISSAUER_ET_AL__2013 href=https://ui.adsabs.harvard.edu/abs/2013ApJ...770..131L/abstract target=ref> Lissauer et al. 2013 </a>,<a refstr=STASSUN_ET_AL__2019 href=https://ui.adsabs.harvard.edu/abs/2019AJ....158..138S/abstract target=ref>TICv8</a>,2014-05-14
Kepler-11 c,Kepler-11,c,13.0241,0.0013,-0.0008,0.107,0.001,-0.001,0.026,0.063,-0.013,89.59,0.41,-0.16,,,2455583.3494,2.87,0.05,-0.06,0.256,2.9,2.9,-1.6,0.009,Mass,0.66,,,5663.0,55.0,-66.0,1.065,0.017,-0.022,0.961,0.025,-0.025,,,,8.5,297.1150949,41.9091092,646.346,6.375,-6.375,1.51841,0.0151448,-0.0151448,13.817,13.7062,Transit,2010,Kepler,1,<a refstr=LISSAUER_ET_AL__2013 href=https://ui.adsabs.harvard.edu/abs/2013ApJ...770..131L/abstract target=ref> Lissauer et al. 2013 </a>,<a refstr=LISSAUER_ET_AL__2013 href=https://ui.adsabs.harvard.edu/abs/2013ApJ...770..131L/abstract target=ref> Lissauer et al. 2013 </a>,<a refstr=STASSUN_ET_AL__2019 href=https://ui.adsabs.harvard.edu/abs/2019AJ....158..138S/abstract target=ref>TICv8</a>,2014-05-14
Kepler-11 d,Kepler-11,d,22.6845,0.0009,-0.0009,0.155,0.001,-0.001,0.004,0.007,-0.002,89.67,0.13,-0.16,,,2455594.0069,3.12,0.06,-0.07,0.278,7.3,0.8,-1.5,0.023,Mass,1.28,,,5663.0,55.0,-66.0,1.065,0.017,-0.022,0.961,0.025,-0.025,,,,8.5,297.1150949,41.9091092,646.346,6.375,-6.375,1.51841,0.0151448,-0.0151448,13.817,13.7062,Transit,2010,Kepler,1,<a refstr=LISSAUER_ET_AL__2013 href=https://ui.adsabs.harvard.edu/abs/2013ApJ...770..131L/abstract target=ref> Lissauer et al. 2013 </a>,<a refstr=LISSAUER_ET_AL__2013 href=https://ui.adsabs.harvard.edu/abs/2013ApJ...770..131L/abstract target=ref> Lissauer et al. 2013 </a>,<a refstr=STASSUN_ET_AL__2019 href=https://ui.adsabs.harvard.edu/abs/2019AJ....158..138S/abstract target=ref>TICv8</a>,2014-05-14
Kepler-11 e,Kepler-11,e,31.9996,0.0008,-0.0012,0.195,0.002,-0.002,0.012,0.006,-0.006,88.89,0.02,-0.02,,,2455595.0755,4.19,0.07,-0.09,0.374,8.0,1.5,-2.1,0.025,Mass,0.58,,,5663.0,55.0,-66.0,1.065,0.017,-0.022,0.961,0.025,-0.025,,,,8.5,297.1150949,41.9091092,646.346,6.375,-6.375,1.51841,0.0151448,-0.0151448,13.817,13.7062,Transit,2010,Kepler,1,<a refstr=LISSAUER_ET_AL__2013 href=https://ui.adsabs.harvard.edu/abs/2013ApJ...770..131L/abstract target=ref> Lissauer et al. 2013 </a>,<a refstr=LISSAUER_ET_AL__2013 href=https://ui.adsabs.harvard.edu/abs/2013ApJ...770..131L/abstract target=ref> Lissauer et al. 2013 </a>,<a refstr=STASSUN_ET_AL__2019 href=https://ui.adsabs.harvard.edu/abs/2019AJ....158..138S/abstract target=ref>TICv8</a>,2014-05-14
Kepler-11 f,Kepler-11,f,46.6888,0.0027,-0.0032,0.25,0.002,-0.002,0.013,0.011,-0.009,89.47,0.04,-0.04,,,2455618.271,2.49,0.04,-0.07,0.222,2.0,0.8,-0.9,0.006,Mass,0.69,,,5663.0,55.0,-66.0,1.065,0.017,-0.022,0.961,0.025,-0.025,,,,8.5,297.1150949,41.9091092,646.346,6.375,-6.375,1.51841,0.0151448,-0.0151448,13.817,13.7062,Transit,2010,Kepler,1,<a refstr=LISSAUER_ET_AL__2013 href=https://ui.adsabs.harvard.edu/abs/2013ApJ...770..131L/abstract target=ref> Lissauer et al. 2013 </a>,<a refstr=LISSAUER_ET_AL__2013 href=https://ui.adsabs.harvard.edu/abs/2013ApJ...770..131L/abstract target=ref> Lissauer et al. 2013 </a>,<a refstr=STASSUN_ET_AL__2019 href=https://ui.adsabs.harvard.edu/abs/2019AJ....158..138S/abstract target=ref>TICv8</a>,2014-05-14
Kepler-11 g,Kepler-11,g,118.3807,0.001,-0.0006,0.466,0.004,-0.004,0.15,,,89.87,0.05,-0.06,,,2455593.8021,3.33,0.06,-0.08,0.297,25.0,,,0.079,Mass,4.0,,,5663.0,55.0,-66.0,1.065,0.017,-0.022,0.961,0.025,-0.025,,,,8.5,297.1150949,41.9091092,646.346,6.375,-6.375,1.51841,0.0151448,-0.0151448,13.817,13.7062,Transit,2010,Kepler,1,<a refstr=LISSAUER_ET_AL__2013 href=https://ui.adsabs.harvard.edu/abs/2013ApJ...770..131L/abstract target=ref> Lissauer et al. 2013 </a>,<a refstr=LISSAUER_ET_AL__2013 href=https://ui.adsabs.harvard.edu/abs/2013ApJ...770..131L/abstract target=ref> Lissauer et al. 2013 </a>,<a refstr=STASSUN_ET_AL__2019 href=https://ui.adsabs.harvard.edu/abs/2019AJ....158..138S/abstract target=ref>TICv8</a>,2014-05-14
TRAPPIST-1 b,TRAPPIST-1,b,1.510826,6e-06,-6e-06,0.01154,0.0001,-0.0001,,,,89.728,0.165,-0.165,,,,1.116,0.014,-0.012,0.09956302,1.374,0.069,-0.069,0.00432309,Mass,5.441939,,4.153,2566.0,26.0,-26.0,0.1192,0.0013,-0.0013,0.0898,0.0023,-0.0023,-3.25727,,,,346.6263919,-5.0434618,,,,,,,17.02,15.6451,Transit,2016,La Silla Observatory,1,<a refstr=AGOL_ET_AL__2021 href=https://ui.adsabs.harvard.edu/abs/2021PSJ.....2....1A/abstract target=ref>Agol et al. 2021</a>,<a refstr=AGOL_ET_AL__2021 href=https://ui.adsabs.harvard.edu/abs/2021PSJ.....2....1A/abstract target=ref>Agol et al. 2021</a>,<a refstr=STASSUN_ET_AL__2019 href=https://ui.adsabs.harvard.edu/abs/2019AJ....158..138S/abstract target=ref>TICv8</a>,2022-11-14
TRAPPIST-1 c,TRAPPIST-1,c,2.421937,1.8e-05,-1.8e-05,0.0158,0.00013,-0.00013,,,,89.778,0.118,-0.118,,,,1.097,0.014,-0.012,0.09786795,1.308,0.056,-0.056,0.00411543,Mass,5.463993,,2.214,2566.0,26.0,-26.0,0.1192,0.0013,-0.0013,0.0898,0.0023,-0.0023,-3.25727,,,,346.6263919,-5.0434618,,,,,,,17.02,15.6451,Transit,2016,La Silla Observatory,1,<a refstr=AGOL_ET_AL__2021 href=https://ui.adsabs.harvard.edu/abs/2021PSJ.....2....1A/abstract target=ref>Agol et al. 2021</a>,<a refstr=AGOL_ET_AL__2021 href=https://ui.adsabs.harvard.edu/abs/2021PSJ.....2....1A/abstract target=ref>Agol et al. 2021</a>,<a refstr=STASSUN_ET_AL__2019 href=https://ui.adsabs.harvard.edu/abs/2019AJ....158..138S/abstract target=ref>TICv8</a>,2022-11-14
TRAPPIST-1 d,TRAPPIST-1,d,4.049219,2.6e-05,-2.6e-05,0.02227,0.00019,-0.00019,,,,89.896,0.077,-0.077,,,,0.788,0.011,-0.01,0.07030077,0.388,0.012,-0.012,0.00122078,Mass,4.366784,,1.115,2566.0,26.0,-26.0,0.1192,0.0013,-0.0013,0.0898,0.0023,-0.0023,-3.25727,,,,346.6263919,-5.0434618,,,,,,,17.02,15.6451,Transit,2016,La Silla Observatory,1,<a refstr=AGOL_ET_AL__2021 href=https://ui.adsabs.harvard.edu/abs/2021PSJ.....2....1A/abstract target=ref>Agol et al. 2021</a>,<a refstr=AGOL_ET_AL__2021 href=https://ui.adsabs.harvard.edu/abs/2021PSJ.....2....1A/abstract target=ref>Agol et al. 2021</a>,<a refstr=STASSUN_ET_AL__2019 href=https://ui.adsabs.harvard.edu/abs/2019AJ....158..138S/abstract target=ref>TICv8</a>,2022-11-14
TRAPPIST-1 e,TRAPPIST-1,e,6.101013,3.5e-05,-3.5e-05,0.02925,0.0025,-0.0025,,,,89.793,0.048,-0.048,,,,0.92,0.013,-0.012,0.08207704,0.692,0.022,-0.022,0.00217728,Mass,4.901605,,0.646,2566.0,26.0,-26.0,0.1192,0.0013,-0.0013,0.0898,0.0023,-0.0023,-3.25727,,,,346.6263919,-5.0434618,,,,,,,17.02,15.6451,Transit,2017,Multiple Observatories,1,<a refstr=AGOL_ET_AL__2021 href=https://ui.adsabs.harvard.edu/abs/2021PSJ.....2....1A/abstract target=ref>Agol et al. 2021</a>,<a refstr=AGOL_ET_AL__2021 href=https://ui.adsabs.harvard.edu/abs/2021PSJ.....2....1A/abstract target=ref>Agol et al. 2021</a>,<a refstr=STASSUN_ET_AL__2019 href=https://ui.adsabs.harvard.edu/abs/2019AJ....158..138S/abstract target=ref>TICv8</a>,2022-11-14
TRAPPIST-1 f,TRAPPIST-1,f,9.20754,3.2e-05,-3.2e-05,0.03849,0.00033,-0.00033,,,,89.74,0.019,-0.019,,,,1.045,0.013,-0.012,0.09322882,1.039,0.031,-0.031,0.00326906,Mass,5.022904,,0.373,2566.0,26.0,-26.0,0.1192,0.0013,-0.0013,0.0898,0.0023,-0.0023,-3.25727,,,,346.6263919,-5.0434618,,,,,,,17.02,15.6451,Transit,2017,Multiple Observatories,1,<a refstr=AGOL_ET_AL__2021 href=https://ui.adsabs.harvard.edu/abs/2021PSJ.....2....1A/abstract target=ref>Agol et al. 2021</a>,<a refstr=AGOL_ET_AL__2021 href=https://ui.adsabs.harvard.edu/abs/2021PSJ.....2....1A/abstract target=ref>Agol et al. 2021</a>,<a refstr=STASSUN_ET_AL__2019 href=https://ui.adsabs.harvard.edu/abs/2019AJ....158..138S/abstract target=ref>TICv8</a>,2022-11-14
TRAPPIST-1 g,TRAPPIST-1,g,12.352446,5.4e-05,-5.4e-05,0.04683,0.0004,-0.0004,,,,89.742,0.012,-0.012,,,,1.129,0.015,-0.013,0.10072281,1.321,0.038,-0.038,0.00415633,Mass,5.055986,,0.252,2566.0,26.0,-26.0,0.1192,0.0013,-0.0013,0.0898,0.0023,-0.0023,-3.25727,,,,346.6263919,-5.0434618,,,,,,,17.02,15.6451,Transit,2017,Multiple Observatories,1,<a refstr=AGOL_ET_AL__2021 href=https://ui.adsabs.harvard.edu/abs/2021PSJ.....2....1A/abstract target=ref>Agol et al. 2021</a>,<a refstr=AGOL_ET_AL__2021 href=https://ui.adsabs.harvard.edu/abs/2021PSJ.....2....1A/abstract target=ref>Agol et al. 2021</a>,<a refstr=STASSUN_ET_AL__2019 href=https://ui.adsabs.harvard.edu/abs/2019AJ....158..138S/abstract target=ref>TICv8</a>,2022-11-14
TRAPPIST-1 h,TRAPPIST-1,h,18.772866,0.000214,-0.000214,0.06189,0.00053,-0.00053,,,,89.805,0.013,-0.013,,,,0.755,0.014,-0.014,0.0673567,0.326,0.02,-0.02,0.00102571,Mass,4.16278,,0.144,2566.0,26.0,-26.0,0.1192,0.0013,-0.0013,0.0898,0.0023,-0.0023,-3.25727,,,,346.6263919,-5.0434618,,,,,,,17.02,15.6451,Transit,2017,Multiple Observatories,1,<a refstr=AGOL_ET_AL__2021 href=https://ui.adsabs.harvard.edu/abs/2021PSJ.....2....1A/abstract target=ref>Agol et al. 2021</a>,<a refstr=AGOL_ET_AL__2021 href=https://ui.adsabs.harvard.edu/abs/2021PSJ.....2....1A/abstract target=ref>Agol et al. 2021</a>,<a refstr=STASSUN_ET_AL__2019 href=https://ui.adsabs.harvard.edu/abs/2019AJ....158..138S/abstract target=ref>TICv8</a>,2022-11-14
WASP-39 b,WASP-39,b,4.0552941,3.4e-06,-3.4e-06,0.04828,0.00082,-0.00082,,,,87.32,0.17,-0.17,,,2455342.96913,14.336311,0.44836,-0.44836,1.279,89.31023,10.17056,-10.17056,0.281,Mass,0.167,1166.0,,5485.0,50.0,-50.0,0.939,0.022,-0.022,0.913,0.047,-0.047,,,0.01,8.5,217.3266477,-3.4444994,213.982,1.76,-1.731,4.64482,0.0378357,-0.0378357,12.095,11.8867,Transit,2011,SuperWASP,1,<a refstr=MANCINI_ET_AL__2018 href=https://ui.adsabs.harvard.edu/abs/2018A&A...613A..41M/abstract target=ref>Mancini et al. 2018</a>,<a refstr=MANCINI_ET_AL__2018 href=https://ui.adsabs.harvard.edu/abs/2018A&A...613A..41M/abstract target=ref>Mancini et al. 2018</a>,<a refstr=STASSUN_ET_AL__2019 href=https://ui.adsabs.harvard.edu/abs/2019AJ....158..138S/abstract target=ref>TICv8</a>,2019-11-27
